path,bytes,sha256,code_version,generated_utc
results/bodybreak_minimality_audit.csv,5355,9bad77a943f17c648bd98a8c038d760d7de4a98fadc4944e1df0045b2795ec26,b283a7c310f9ae04,2026-07-07T10:34:49+00:00
results/breaking_search.csv,55246,8df6f6835c7dc7dab9321f2a709653cd6a805fa1add0c57789e2b28fc3ebd3a9,b283a7c310f9ae04,2026-07-07T10:34:49+00:00
results/claim_boundary_audit.csv,9037,1fae9b3b99597b5de005bf41579658288bfb6f7d9fb5f44deb3ecc8545b73f20,b283a7c310f9ae04,2026-07-07T10:34:49+00:00
results/command_surface_audit.csv,41424,7d4bae025a2930a7cfd4ffe3152a3838dd33d3cc701a1379abad9458f56d5185,b283a7c310f9ae04,2026-07-07T10:34:49+00:00
results/config_schema_audit.csv,6161,dba7c3c61720ed3d4c5dac99699ee4c0185f5370d361a8df2fd6229e3ecc319d,b283a7c310f9ae04,2026-07-07T10:34:49+00:00
results/corrective_adaptation_eval.csv,2565,3bf531193729f4f76e0232e6e908d09b2edab022c5bad15d5f4b28e7adb8c509,b283a7c310f9ae04,2026-07-07T10:34:49+00:00
results/corrective_adaptation_residual_weights.csv,4103,287ca0c3e40db89f2dfb25f007dcff88004ed9226bfbd5e331717ce263af922e,b283a7c310f9ae04,2026-07-07T10:34:49+00:00
results/corrective_adaptation_rollouts.csv,1465486,bd28e959e5cc05944fc51ca597ce4c838a3c59552ef6df8e7f40aa06d0396e58,b283a7c310f9ae04,2026-07-07T10:34:49+00:00
results/corrective_adaptation_trace_sample.jsonl,106717,2c14fd44231ad2ef288742d143a77a32c795adcc016e5f9b67be83c389dad4e1,b283a7c310f9ae04,2026-07-07T10:34:49+00:00
results/corrective_trace_readiness.csv,1251,705eabc0de2cdf625bed16eafbb808f5752f50d153415ddc90df2d018665d198,b283a7c310f9ae04,2026-07-07T10:34:49+00:00
results/derived_results_audit.csv,2679,a5e6955950745044ed9cbdb551c3a14c4cf53c1e4d56b92d3cfccd6699d36a96,b283a7c310f9ae04,2026-07-07T10:34:49+00:00
results/environment_dependency_audit.csv,2001,23fb7c3fca5aa91b1b6da4e15ca92781d3a64e2eeebf428cd712b1851c206deb,b283a7c310f9ae04,2026-07-07T10:34:49+00:00
results/environment_snapshot.json,561,b8d3cfcdc3c945b2280d561ebe8edc10666856df6246989eb82885b148713a56,b283a7c310f9ae04,2026-07-07T10:34:49+00:00
results/evidence_consistency_audit.csv,70495,166bc97dea53c786040e31cfe4b87280f3a004724f89228fb9695b4a52c9e62c,b283a7c310f9ae04,2026-07-07T10:34:49+00:00
results/external_policy_benchmark_readiness.csv,1239,b0fb7e344737e9c55b05dd009df02fb320e057b66f10f102390843fc19f6b6d4,b283a7c310f9ae04,2026-07-07T10:34:49+00:00
results/failure_taxonomy_counts.csv,2693,11ab9b94123258eac67aeaa8fafe3237e8d88eeb7b624414970593d262ea088c,b283a7c310f9ae04,2026-07-07T10:34:49+00:00
results/figures/bodybreak_minimality_audit.pdf,14739,d94d4245672a9d4f0884f0a459b24556220d1a1df3ccdc09011806ea1bb508b8,b283a7c310f9ae04,2026-07-07T10:34:49+00:00
results/figures/bodybreak_minimality_audit.png,153174,12eadf93bb635cffb2b0296add4856ed3eb907035385339f01654b14d4f6c1eb,b283a7c310f9ae04,2026-07-07T10:34:49+00:00
results/figures/bodyshield_mechanism.pdf,11112,efc6b90ab23d4be3fcfd64783c2648750402537b75036a8af0d99cc64a9d9185,b283a7c310f9ae04,2026-07-07T10:34:49+00:00
results/figures/bodyshield_mechanism.png,56997,f7722156efd2e5f830841ffefe8091a5c46b5604609ba17b39496ef71c36f13d,b283a7c310f9ae04,2026-07-07T10:34:49+00:00
results/figures/breaking_search_comparison.pdf,13675,7b0ac8a32cd26fc2428dfc1f0b54bf06fa835e4d6b0b8d7ab8108ab22f15c742,b283a7c310f9ae04,2026-07-07T10:34:49+00:00
results/figures/breaking_search_comparison.png,111059,0415acbfee77189708c76863bff0c25647144a8f275f9443b52fe748d5aae6f6,b283a7c310f9ae04,2026-07-07T10:34:49+00:00
results/figures/corrective_adaptation_summary.pdf,13501,75968bb4c4cf190b7effd4935fd550bc5fd151b07a4628d651ebda0699c053e5,b283a7c310f9ae04,2026-07-07T10:34:49+00:00
results/figures/corrective_adaptation_summary.png,111659,b4f9ba5dcde08a63af4249677a6b0e9d8cc6e44437888695d6be5182ac033650,b283a7c310f9ae04,2026-07-07T10:34:49+00:00
results/figures/high_fidelity_summary.pdf,15226,cfe94ac7976a35bb2abd05afd6f5d5a0471f34e9fe5d042cb5e278f674d82f0c,b283a7c310f9ae04,2026-07-07T10:34:49+00:00
results/figures/high_fidelity_summary.png,113172,e97e241c5d516681919d46672b6941e741b037120c6c528da1068c92634ada76,b283a7c310f9ae04,2026-07-07T10:34:49+00:00
results/figures/mujoco_residual_gate_ablation.pdf,13615,bfa1454b068240e7df7d9ad9823cbd02a706382b1874b33ee67bd9ae6874045c,b283a7c310f9ae04,2026-07-07T10:34:49+00:00
results/figures/mujoco_residual_gate_ablation.png,100819,b8926cc129e7f1b499cc31b15f7b0e4ec61e0322c94d6465a17beafe1c14d60f,b283a7c310f9ae04,2026-07-07T10:34:49+00:00
results/figures/mujoco_residual_policy_summary.pdf,12996,6bb7f97d8cd87089667cb67f459451f743227aeeaee02d8d50114872d66d9e4a,b283a7c310f9ae04,2026-07-07T10:34:49+00:00
results/figures/mujoco_residual_policy_summary.png,116856,eb0e2b5423496ea76ed75878d74bf110c5323ff34a289a656b4b75f8ac7e6e1d,b283a7c310f9ae04,2026-07-07T10:34:49+00:00
results/figures/neural_wam_summary.pdf,14821,e9b0771473264f8528f90692a62d93695fd60dadc5bff543f1d2665bd407bebb,b283a7c310f9ae04,2026-07-07T10:34:49+00:00
results/figures/neural_wam_summary.png,116050,3ad6d170656d628b569af7e0e54baa5a47875843044cc1f90e6790dba09d1b59,b283a7c310f9ae04,2026-07-07T10:34:49+00:00
results/figures/nominal_vs_radius.pdf,15684,8cc1e5d5371058a7e64f79e071cac789e4aa1cd967aae3a338e98b7732e9aad7,b283a7c310f9ae04,2026-07-07T10:34:49+00:00
results/figures/nominal_vs_radius.png,97394,ed81296304736aae6b84460ef585aaa81285a5be52a3cac6b24377f50a46bfb7,b283a7c310f9ae04,2026-07-07T10:34:49+00:00
results/figures/repair_seen_heldout.pdf,13133,731fa1afcb22f2eb4db855c3c9b868008fefdfc83da3eeb93f91c13f0b3a79ad,b283a7c310f9ae04,2026-07-07T10:34:49+00:00
results/figures/repair_seen_heldout.png,73794,ee0018b52fc7932f9210f107c689bda435d61befdebd5cd32021482a89f030a2,b283a7c310f9ae04,2026-07-07T10:34:49+00:00
results/figures/trajectory_wam_summary.pdf,346436,a3c896ec7f3a50f3812d4278fa364ed88659f2a75464976b4b8b4bce617ba61c,b283a7c310f9ae04,2026-07-07T10:34:49+00:00
results/figures/trajectory_wam_summary.png,177264,c4ecdefb0c8ef410c7b8a2af96b0b5f8204273b44bbde434d44ad0d5e86701fc,b283a7c310f9ae04,2026-07-07T10:34:49+00:00
results/figures/visual_wam_summary.pdf,14917,ec99d978aae59683ff0caa71152de07448255ff33a6596f1ae9153ac127894b1,b283a7c310f9ae04,2026-07-07T10:34:49+00:00
results/figures/visual_wam_summary.png,80934,580f3fb1f0dec4685bd62de48149d03fb7423583cc8f23888744e1605d9412c9,b283a7c310f9ae04,2026-07-07T10:34:49+00:00
results/high_fidelity_benchmark.csv,126792,687bd40e744dbbcd1f6a6c9a7b3c707e0b9bea15caf51e2c5259726499a34a13,b283a7c310f9ae04,2026-07-07T10:34:49+00:00
results/learned_outcome_axis_weights.csv,1485,7230729f344316dc8370c7a5b3e42cc42575cb815cd458dc3aafae2e6a75d6a9,b283a7c310f9ae04,2026-07-07T10:34:49+00:00
results/learned_outcome_model_eval.csv,893,c3d9f390926b5b44428cb9e54c88a1264c09843d421adcb10ba6d05db2fe8ed2,b283a7c310f9ae04,2026-07-07T10:34:49+00:00
results/learned_outcome_predictions.csv,3090676,3761e7d44796554906367f55fbf8a7172e445dca4ae4c453cedd7a1859712deb,b283a7c310f9ae04,2026-07-07T10:34:49+00:00
results/method_deltas_vs_bodyshield.csv,6590,0b6a39a87bfab3d2548319da194be0b52e0f1a551c7facfdd423a1073b6db10d,b283a7c310f9ae04,2026-07-07T10:34:49+00:00
results/mujoco_residual_policy_eval.csv,1956,04dfe4dc2ae4a8b639c7f5c5f214384c34aa59077cdfd96f5f75d62746b7882a,b283a7c310f9ae04,2026-07-07T10:34:49+00:00
results/mujoco_residual_policy_gate_ablation.csv,3229,b7577e76d583ece75b5a10086bb39692282a9dfa801b97a029bdb71de84f057c,b283a7c310f9ae04,2026-07-07T10:34:49+00:00
results/mujoco_residual_policy_rollouts.csv,53469,901c172cbc27e3a61a5a42b7652dd7777de46e4c4b2a63ca306a4b31ae6b2ba3,b283a7c310f9ae04,2026-07-07T10:34:49+00:00
results/mujoco_residual_policy_trace_sample.jsonl,18935,0f90131c33adaf1544ef102ce4f4c07ccfb024924d910918387553c73f95946e,b283a7c310f9ae04,2026-07-07T10:34:49+00:00
results/mujoco_residual_policy_weights.csv,3241,8ccb6bfa7c4ade2dae82ac3697a7539a06fb6626e23335eef1959fa0100369b3,b283a7c310f9ae04,2026-07-07T10:34:49+00:00
results/neural_wam_eval.csv,1436,d3e4144a99ee469053922755e91fe8c6944787be657db164cb05e996df4e9ff6,b283a7c310f9ae04,2026-07-07T10:34:49+00:00
results/neural_wam_rollouts.csv,1403159,560d7fabd9d90e87cc853184f22f22da429428afea57eb0b689f6644aca8d523,b283a7c310f9ae04,2026-07-07T10:34:49+00:00
results/neural_wam_trace_sample.jsonl,19237,6ced34417c57cb2291e28c4e124f946f96314cce8259a9247fe17b8b3e125993,b283a7c310f9ae04,2026-07-07T10:34:49+00:00
results/neural_wam_training_curve.csv,612,2c069d322746007006ebe7ee713da825fb994465a8ab74feb3ac63be00abc125,b283a7c310f9ae04,2026-07-07T10:34:49+00:00
results/nominal_vs_robustness_radius.csv,1060,c68e0c239a7f9ab177fe8a7500c720c75956c948f0cdb42d14c1508345629189,b283a7c310f9ae04,2026-07-07T10:34:49+00:00
results/oracle_feasibility.csv,8443,324ba2544dacb9130fea21bbffa4c17f75eeb1a606a69cc91892dd80803310ae,b283a7c310f9ae04,2026-07-07T10:34:49+00:00
results/paper_source_audit.csv,2701,ec3a93fe3d44fb2411a03caa83710a2e49783a6ffec18267e32d1a8994ab7f81,b283a7c310f9ae04,2026-07-07T10:34:49+00:00
results/real_video_wam_readiness.csv,1166,d1f529da81b57137ea6d89431c779784e96a4cce9bfb07f48762e656d0f8dcc0,b283a7c310f9ae04,2026-07-07T10:34:49+00:00
results/repair_axis_importance.csv,818,9cfa3728495ad37990eec6904e12ba6ef7de800a50a80347bf6015d0e7a8f613,b283a7c310f9ae04,2026-07-07T10:34:49+00:00
results/repair_history.csv,7060,d835a2513e0cd4739bfb9ddeaf786cdae51662127eabd1ba8707d782887508f6,b283a7c310f9ae04,2026-07-07T10:34:49+00:00
results/results_integrity_audit.csv,30371,19bd92ce1fac15909e9788b180d7fe2da29de24e2a2b9d2e595a115b2d2592a6,b283a7c310f9ae04,2026-07-07T10:34:49+00:00
results/robustness_profiles.csv,13594,9a719a84a87dc787717beb03a3b6156a252ce9eae1a98f3fd7d0c204f24e607f,b283a7c310f9ae04,2026-07-07T10:34:49+00:00
results/schema_validation_summary.json,184,68b6a5207eb0434ff3f3b6b624a367c1a0f6f227a5215d0c01252c919979c38e,b283a7c310f9ae04,2026-07-07T10:34:49+00:00
results/secondary_metrics_by_method.csv,1697,f0639d6dd549e766296aee68303d27f4eb121cd626863d559cddcc0385880c75,b283a7c310f9ae04,2026-07-07T10:34:49+00:00
results/sim_env_availability.csv,261,bfb54d8d1b2683ec2729c249527eace6b4f8ec9a1f185c136b9b20f43d3b09df,b283a7c310f9ae04,2026-07-07T10:34:49+00:00
results/simulation_rollout_videos.csv,1347,d5824151bdd92b38e6968ee129b573aadd18e09e1b2448da0b95803f52135ceb,b283a7c310f9ae04,2026-07-07T10:34:49+00:00
results/source_import_audit.csv,15759,365883d3bed16ee5beef334f8703a2ab67bfd6aed85077484380486e26e47dde,b283a7c310f9ae04,2026-07-07T10:34:49+00:00
results/summary_by_method_bucket.csv,4571,c52f3b2d4cca2631c140bbcd980f973e3e930e8206ffadf73efe5123ad7f46bb,b283a7c310f9ae04,2026-07-07T10:34:49+00:00
results/task_suite_cards.csv,1962,3e224be3206ed1f1fcc2dda8b49716f35bd8b4df71b1c453a671df65e829fe68,b283a7c310f9ae04,2026-07-07T10:34:49+00:00
results/threshold_sensitivity.csv,66232,921ed4926b64d247cc4bccd85779e826c51876cd4c4d9df07bd79132fabc2538,b283a7c310f9ae04,2026-07-07T10:34:49+00:00
results/trajectory_wam_axis_weights.csv,2442,780c56abe2c93531ee9a577738b8a992081baeb0eb564ac7fd323548a3539dc3,b283a7c310f9ae04,2026-07-07T10:34:49+00:00
results/trajectory_wam_eval.csv,1039,05e68304f4650f531443afc3b8e532ba0f9702c8617fd6b23caeb13fca83479d,b283a7c310f9ae04,2026-07-07T10:34:49+00:00
results/trajectory_wam_rollouts.csv,5899222,4891522a5dc8c2f103c43f8795c4f66f304cb84e0de60db7260359678017b151,b283a7c310f9ae04,2026-07-07T10:34:49+00:00
results/trajectory_wam_trace_sample.jsonl,139296,abf269c30614b8f2e76bd7357ec040ac3c92fb3242e51a7018c2760f65bcaefd,b283a7c310f9ae04,2026-07-07T10:34:49+00:00
results/trials.csv,344431261,4a305b224e64f48ae92853058468d02a0b2ebfbad4c00642bc5d976d9f847e8e,b283a7c310f9ae04,2026-07-07T10:34:51+00:00
results/trials.parquet,2128815,252f88539db23de02419b3d16af2aeec5e010d3d31ffff859d72a8a88f263a87,b283a7c310f9ae04,2026-07-07T10:34:51+00:00
results/trials_sample.jsonl,3104430,5ef5b3cffa49b0429c4422aab5bb56ef5d7b64c2cc9203e927b5df000e401835,b283a7c310f9ae04,2026-07-07T10:34:51+00:00
results/videos/bodyshield_synthetic_bodybreak_failure.gif,71687,0f8f8249405ea72bcf66b7c3b97867e1e27a4dd3824d3373ae47fbbd6b60eca6,b283a7c310f9ae04,2026-07-07T10:34:51+00:00
results/videos/bodyshield_synthetic_bodyshield_repair.gif,85823,506a8d39b612c5fafb4305e7786ccf41eb4d0ce17acf044b9c9244cb106b0bd0,b283a7c310f9ae04,2026-07-07T10:34:51+00:00
results/videos/bodyshield_synthetic_nominal_reference.gif,57877,ef0ac84fe4678a5a8130563b71dd3c7a4536b76615f82e38a3c785277052fe10,b283a7c310f9ae04,2026-07-07T10:34:51+00:00
results/visual_artifact_audit.csv,19709,5b1bfe9b6a1812d08f69faf2d97f980a6f7a89de17985e1fd07a22b3248fb985,b283a7c310f9ae04,2026-07-07T10:34:51+00:00
results/visual_wam_eval.csv,1491,be6b9e48fb913e299a85fbcf61af17d2ac9c014de1619b467ee6b3f6c50096b5,b283a7c310f9ae04,2026-07-07T10:34:51+00:00
results/visual_wam_feature_weights.csv,17950,7cfb80f0fd36d5f392e082eb35affc6ca283624342aa6f7310baa69eae92768d,b283a7c310f9ae04,2026-07-07T10:34:51+00:00
results/visual_wam_rollouts.csv,1375581,51b127917417a1c1340b51fe245b35a4cea9b8cd6cc8dc6b5969d1ef1702a75f,b283a7c310f9ae04,2026-07-07T10:34:51+00:00
results/visual_wam_trace_sample.jsonl,185877,f08cc3876513808f5727a5b941d09284faaeb6031695748eddffc874ce5a5edd,b283a7c310f9ae04,2026-07-07T10:34:51+00:00
reports/AGENDA_FIT_MEMO.md,2599,c09086d0d5a1c2ee16acddeb9529080627ca3f2491d59b6e5838f18634bd15cb,b283a7c310f9ae04,2026-07-07T10:34:51+00:00
reports/BODYBREAK_MINIMALITY_AUDIT.md,1456,a98681320a4b83bbaaa2ca992d65b52cb03344990352a32b31b975d2aa168a7a,b283a7c310f9ae04,2026-07-07T10:34:51+00:00
reports/BODYBREAK_MINIMALITY_AUDIT_TABLE.md,9644,d3d350a49566b11a274ceb867840a9806bde47bff94a92186cd6ca60d4e1dca4,b283a7c310f9ae04,2026-07-07T10:34:51+00:00
reports/BUDGET_AND_FAIRNESS_AUDIT.md,1928,f70b290a2196d1adb0b02154f3d601e5891556760a1537c971d55849e676676f,b283a7c310f9ae04,2026-07-07T10:34:51+00:00
reports/CITATION_VERIFICATION_TABLE.md,2523,f0328f56641cb5101be7749d49782bc1a4a70461575adc8c8aa2656989051ea2,b283a7c310f9ae04,2026-07-07T10:34:51+00:00
reports/CLAIM_BOUNDARY.md,1498,1f080cc8272e4f7f76b0e7a4aaeb344fcd6c9f60a9c5d964ff5aa8d7dddb6cc5,b283a7c310f9ae04,2026-07-07T10:34:51+00:00
reports/CLAIM_BOUNDARY_AUDIT.md,20385,21fd1fd99124a626c3bd36780c0730ff88c6707735edfa2fe0c6cb9f27060a88,b283a7c310f9ae04,2026-07-07T10:34:51+00:00
reports/CLAIM_LEDGER.md,9423,4b0b96554a3f63a6722879bc4ee19bff7e458ed744da4f2cba19a842d4e9bc29,b283a7c310f9ae04,2026-07-07T10:34:51+00:00
reports/COMMAND_SURFACE_AUDIT.md,34136,62e782e2d87586bf1994a5c39edf3cc9736d6478c27e8003e8ce53854fe17df6,b283a7c310f9ae04,2026-07-07T10:34:51+00:00
reports/CONFIG_SCHEMA_AUDIT.md,34543,a13f1cfc1c778f3cd006b941ced36a3c58064be13016ef17aff760c518e5ba70,b283a7c310f9ae04,2026-07-07T10:34:51+00:00
reports/CORRECTIVE_ADAPTATION_INTERPRETATION.md,1175,3dd8912313dfa51b42130aab9ee32ddfc7fc8ca47baee13ce26eb2fe9093fc23,b283a7c310f9ae04,2026-07-07T10:34:51+00:00
reports/CORRECTIVE_ADAPTATION_TABLE.md,3512,d4228c14f11d751dbbfc812e8e8b2cafb8a9526525665aea09ec013625b6ddfb,b283a7c310f9ae04,2026-07-07T10:34:51+00:00
reports/CORRECTIVE_ADAPTATION_WEIGHT_TABLE.md,3024,e20f0254ea8f2d07838c2714a70eb413cc08fcebb57c5388ca78f8130d09ce15,b283a7c310f9ae04,2026-07-07T10:34:51+00:00
reports/CORRECTIVE_TRACE_READINESS.md,4015,9e9032c4f81595f7eaf761261038533089c229c4ff5a161f34daa280359f4414,b283a7c310f9ae04,2026-07-07T10:34:51+00:00
reports/CORRECTIVE_TRACE_READINESS_TABLE.md,3110,53f021057b0b8033b2a4f16a23436c33351f9ce80b5fc6084399d39911cd24fc,b283a7c310f9ae04,2026-07-07T10:34:51+00:00
reports/DERIVED_RESULTS_AUDIT.md,9881,57a3020c982c31d2dc10d56129eb7100227ac4a00673cc66ab88c1cca52900b1,b283a7c310f9ae04,2026-07-07T10:34:51+00:00
reports/ENVIRONMENT_DEPENDENCY_AUDIT.md,6135,6e68db1a07cc219188c862bbde05491bf1a52a8beb9777b92a2f020caf9fc8f5,b283a7c310f9ae04,2026-07-07T10:34:51+00:00
reports/EVALUATION_BUDGET_TABLE.md,398,546caf1ca99ecd33fe179a0b9e942502b55c9db112a53c2ae3400737b1cfa67d,b283a7c310f9ae04,2026-07-07T10:34:51+00:00
reports/EVIDENCE_CONSISTENCY_AUDIT.md,11440,8a1062bd5f3e5c78a9992b81f00296bef73ef185d96ce800656e7104ff44d20a,b283a7c310f9ae04,2026-07-07T10:34:51+00:00
reports/EXTERNAL_POLICY_BENCHMARK_READINESS.md,3901,805fc1647de8e98997d70369122a7a76dbadef859b0ad44c1638d99004760ee5,b283a7c310f9ae04,2026-07-07T10:34:51+00:00
reports/EXTERNAL_POLICY_BENCHMARK_READINESS_TABLE.md,3030,2254ea46aa2906443073766f4208b785c7ceb5ffd2dec75917610b057f08709d,b283a7c310f9ae04,2026-07-07T10:34:51+00:00
reports/FAILURE_TAXONOMY_TABLE.md,5518,283c949f7c3211ec913b5cc2effa01dc31b2161c1b3c91ab024fb8cc3bf8144c,b283a7c310f9ae04,2026-07-07T10:34:51+00:00
reports/FIGURE_CAPTIONS.md,4459,54d52b5b098203e8e1769a5df7e4b901b9cabb905f960ffd7fa62f28c86c3e43,b283a7c310f9ae04,2026-07-07T10:34:51+00:00
reports/HIGH_FIDELITY_BENCHMARK_TABLE.md,316474,f334c6635271c341b7dfdc4dd1e35624ae425570cebab784a0526f1cf8eaed57,b283a7c310f9ae04,2026-07-07T10:34:51+00:00
reports/HIGH_FIDELITY_INTERPRETATION.md,2584,3fd593c1fa442ab45f2f232c72229cd7334d4b59163f6a6fa309de911bd94d62,b283a7c310f9ae04,2026-07-07T10:34:51+00:00
reports/LEARNED_OUTCOME_AXIS_TABLE.md,2038,0095eaba6348e1469fcb50773ed3c7b6ee8795d0f44a706bb4ea7b06be6982df,b283a7c310f9ae04,2026-07-07T10:34:51+00:00
reports/LEARNED_OUTCOME_MODEL_INTERPRETATION.md,856,580dc6144ae22f66d7502447d5457c27a4e430c58be648a2ec81e5211f30f430,b283a7c310f9ae04,2026-07-07T10:34:51+00:00
reports/LEARNED_OUTCOME_MODEL_TABLE.md,1142,4618bdef0e7f756c2461ceca7b2af249a902ba5b0fe7d6df6287670e70da4b1c,b283a7c310f9ae04,2026-07-07T10:34:51+00:00
reports/MANISKILL_TASK_RUN_TABLE.md,2542,f863d52bc0c125da048abc8fa6b4fe3ea14997ad4898224886fa6c26c0163e4c,b283a7c310f9ae04,2026-07-07T10:34:51+00:00
reports/MANISKILL_TASK_SUMMARY_TABLE.md,1022,c8f882d549b6079c620e61e7d47bf1f031d29b904d4e0a7c22e3b2d05458b3c5,b283a7c310f9ae04,2026-07-07T10:34:51+00:00
reports/METHOD_DELTA_TABLE.md,3398,6d8e76b9b946e7573e7ea13acf0a8e87ab5abcd4e09363e530d266776ea87838,b283a7c310f9ae04,2026-07-07T10:34:51+00:00
reports/MUJOCO_METHOD_SUMMARY_TABLE.md,655,bc9b67eb4991a8875d3fe6bc33246f5ed0ed5a5b0188222fae5658dddf1c0a09,b283a7c310f9ae04,2026-07-07T10:34:51+00:00
reports/MUJOCO_PERTURBATION_SUMMARY_TABLE.md,637,dec01ce2ec703f528913308948846931940d2f742e8593c969e24392970d877a,b283a7c310f9ae04,2026-07-07T10:34:51+00:00
reports/MUJOCO_PLANAR_METHOD_SUMMARY_TABLE.md,844,85b6cb77f770096a0421aa605b2842999fcda820b70a6c80213c5da003b01f5b,b283a7c310f9ae04,2026-07-07T10:34:51+00:00
reports/MUJOCO_PLANAR_PROBE_TABLE.md,52270,8d6331798f698e29a5987a9ad04c9ff0339615c0e64da0686b4d80c1a70cc20b,b283a7c310f9ae04,2026-07-07T10:34:51+00:00
reports/MUJOCO_PUSH_PROBE_TABLE.md,102044,107df4f9dd9927a2caeb8afe1deaec8a5ea083ab97e3a7fd6bf6adccf6ab6554,b283a7c310f9ae04,2026-07-07T10:34:51+00:00
reports/MUJOCO_RESIDUAL_POLICY_GATE_ABLATION_TABLE.md,5902,00cfe9e6ce0daa41fc64c45e35d8c4798bb46adc7f4a1c7114ebd84a1b3e7f66,b283a7c310f9ae04,2026-07-07T10:34:51+00:00
reports/MUJOCO_RESIDUAL_POLICY_INTERPRETATION.md,1748,4e5c4d838e9fb34d9bd56cc5d3c8614558585935a2e9402e1a38f9651dd10d2e,b283a7c310f9ae04,2026-07-07T10:34:51+00:00
reports/MUJOCO_RESIDUAL_POLICY_TABLE.md,3540,c070052868f64900b927adb2a592c57ccaa76db2f98daba6fda5a6a3d2c5c9cd,b283a7c310f9ae04,2026-07-07T10:34:51+00:00
reports/MUJOCO_RESIDUAL_POLICY_WEIGHT_TABLE.md,2820,b68d6e9550e59fff2923f84ba3b2f6436c8c38507f4b9807c8452033a8a2b604,b283a7c310f9ae04,2026-07-07T10:34:51+00:00
reports/NEURAL_WAM_INTERPRETATION.md,1455,dd49b04b9cec2fb359f8388f49ed0a01f2220bf1d315d27fa2229282a19075d5,b283a7c310f9ae04,2026-07-07T10:34:51+00:00
reports/NEURAL_WAM_TABLE.md,2407,d29648793ac2568dcfd213a301cd9007dfce8cc894bf623163a42f1ef84a09d5,b283a7c310f9ae04,2026-07-07T10:34:51+00:00
reports/NEURAL_WAM_TRAINING_CURVE.md,1252,7c61f92d7d331f9d3618867b2d85d2f37471a0042382a5d51790e01f7e249ef0,b283a7c310f9ae04,2026-07-07T10:34:51+00:00
reports/NOMINAL_VS_RADIUS_TABLE.md,1786,c0565249d36ef8c7d2745c0db1b965506897f4dc5253ac3972c06da3c5e0d80d,b283a7c310f9ae04,2026-07-07T10:34:51+00:00
reports/NON_HARDWARE_AUDIT.md,14923,4048496c58707bc6191524e42711227f4c39fcdf8355d2e8eac3ea8b436a40a4,b283a7c310f9ae04,2026-07-07T10:34:51+00:00
reports/NON_HARDWARE_COMPLETE.md,12262,4a2c5703166e1e913a364d05b259a7846cb65decc5b8bfa103b041fac264fac5,b283a7c310f9ae04,2026-07-07T10:34:51+00:00
reports/NON_HARDWARE_REQUIREMENTS_TRACE.md,43103,311b0a0e0d1a99be4647e8918e51e81ec5def6271a4d2aa8500c51c806ac5199,b283a7c310f9ae04,2026-07-07T10:34:51+00:00
reports/ORACLE_FEASIBILITY_TABLE.md,14878,238ad8311fe4d574803cc349d84f31525ce7900576f299cbbbce242f43ff5fdf,b283a7c310f9ae04,2026-07-07T10:34:51+00:00
reports/PAPER_BUILD_LOG.txt,14482,a5f9b0174a744dbd77cd8a9eed2202b953f1ab5edc4350fb1631cb99946af319,b283a7c310f9ae04,2026-07-07T10:34:51+00:00
reports/PAPER_BUILD_STATUS.json,126,f9c789879fe2e8e42b25a089b0ad11caa5d4dc92af1428e28c49c6d49467641c,b283a7c310f9ae04,2026-07-07T10:34:51+00:00
reports/PAPER_REVIEWER_RISK_AUDIT.md,3561,8d3ec359c22b82e9df1147b65f40ce17f6100adea84b5b01576a0eef72462276,b283a7c310f9ae04,2026-07-07T10:34:51+00:00
reports/PAPER_SOURCE_AUDIT.md,8331,9a1c3ac680af23fa0364fff9356f1c9a0a07f40ea3d457bb0ddd2244826f6bf7,b283a7c310f9ae04,2026-07-07T10:34:51+00:00
reports/PREBUTTAL.md,1746,d6f55b05db823e40691e78a3cece54f2c76401f430b63b1a10976f140a5c15fb,b283a7c310f9ae04,2026-07-07T10:34:51+00:00
reports/REAL_VIDEO_WAM_READINESS.md,3710,aff4ae19edc6f0d74285992748b6acf758048f9cdcf9795eb485c5e07669dedd,b283a7c310f9ae04,2026-07-07T10:34:51+00:00
reports/REAL_VIDEO_WAM_READINESS_TABLE.md,2918,49c26aa08983511d3cfdc096aee7f81311118642a7adfd518ebc29bca8ea292f,b283a7c310f9ae04,2026-07-07T10:34:51+00:00
reports/RELATED_WORK_TABLE.md,916,57e7ee27297a69eb1244c9b52821c95fe1bfbb0203f3d46b77d98ae944bf97af,b283a7c310f9ae04,2026-07-07T10:34:51+00:00
reports/RELEASE_BUNDLE.md,725,b2057a22a7cfa30ba4498a5493e21ef98a51a215fb2be661104e6296a63be8cd,b283a7c310f9ae04,2026-07-07T10:34:51+00:00
reports/REPRODUCIBILITY_MANIFEST.md,7610,6fe06d849abc13458b896fb1fc945c2b3844c23a5a4563f1854673118d600ed2,b283a7c310f9ae04,2026-07-07T10:34:51+00:00
reports/RESULTS_INTEGRITY_AUDIT.md,13255,9f26c328b930dd8d25706712ebe20d7003104394cdb79adbcb236d0902a5fb2b,b283a7c310f9ae04,2026-07-07T10:34:51+00:00
reports/REVIEWER_ATTACK_CLOSURE.md,2183,6d5de798f7bf23e240a27b4f165369a6b7d5bd72c3845fc7194787dd664905e5,b283a7c310f9ae04,2026-07-07T10:34:51+00:00
reports/SEARCH_BUDGET_TABLE.md,634,d2d6d5f5f15e4c08a89ef4f01b959943f487016d2b98a73304357522e538970e,b283a7c310f9ae04,2026-07-07T10:34:51+00:00
reports/SEARCH_COMPARISON_TABLE.md,964,1fe2e7b237fff236b800af7d709e1b924f07545133c1300450ab7112053e258c,b283a7c310f9ae04,2026-07-07T10:34:51+00:00
reports/SECONDARY_METRICS_TABLE.md,2326,95e285a2eb315635ece3700ea8226d58a3b393e09f36ee803e2815acd550e96c,b283a7c310f9ae04,2026-07-07T10:34:51+00:00
reports/SIM_ENV_AVAILABILITY.md,498,d4e72b9fb605db7e1e7bae6f1d2f598c997865222c5f2977e76e05f5127d89f2,b283a7c310f9ae04,2026-07-07T10:34:51+00:00
reports/SIMULATION_BUCKET_SUMMARY_TABLE.md,6206,a223722d73221927df4239bd21c5bd5dbe1f151b68391b33c38886b068da0212,b283a7c310f9ae04,2026-07-07T10:34:51+00:00
reports/SIMULATION_ROLLOUT_VIDEOS.md,2318,38293c3b5f6c161925a1f5408331e824f49e82ebc15d13bb204be7e2f0bf2690,b283a7c310f9ae04,2026-07-07T10:34:51+00:00
reports/SIMULATION_SUMMARY.md,4543,612e1d88b6acabde765c3f3042308e385204249a83baecbe6e492f3ec36a9dbf,b283a7c310f9ae04,2026-07-07T10:34:51+00:00
reports/SOURCE_IMPORT_AUDIT.md,22079,65c0e4b6aa61660330886e4a5865d17fb43cf7cb457c1a5e8328cd1f1e2a6e12,b283a7c310f9ae04,2026-07-07T10:34:51+00:00
reports/TASK_SUITE_CARDS.md,2858,3f89631c6945a1d15d8ac5a04ff52ac3c2a3dba8b38b173c9437da15856f47f4,b283a7c310f9ae04,2026-07-07T10:34:51+00:00
reports/THRESHOLD_SENSITIVITY_TABLE.md,1613,4a6fa4c829df8b6408add36f9e2d4ca1628e8f6779cba1fe4b54986e108f5790,b283a7c310f9ae04,2026-07-07T10:34:51+00:00
reports/TRAJECTORY_WAM_AXIS_TABLE.md,3024,566d2e0b97187c8c208a7be8cc9d2d96de3c3a8dbe40572d27b1a09cd95a8be4,b283a7c310f9ae04,2026-07-07T10:34:51+00:00
reports/TRAJECTORY_WAM_INTERPRETATION.md,1189,c77c9e95f90c41e9719c08fb9062bc7b7fcca2c20e81398f4bf347b9ff9df770,b283a7c310f9ae04,2026-07-07T10:34:51+00:00
reports/TRAJECTORY_WAM_TABLE.md,1582,50697ae135bcca0234d3f7dc71e3104977bef6f1a9e0b7385793ef8b686b660e,b283a7c310f9ae04,2026-07-07T10:34:51+00:00
reports/VISUAL_ARTIFACT_AUDIT.md,88747,c474c809a6e97dcb4625052ce3b3a05fd9e1b696aa17e9e8f2113b66bd1298c3,b283a7c310f9ae04,2026-07-07T10:34:51+00:00
reports/VISUAL_WAM_FEATURE_WEIGHT_TABLE.md,1732,03eb1aec37c0aa4bf0953ab9e5547568ea8340f4198be94df1f73950e36d9dc9,b283a7c310f9ae04,2026-07-07T10:34:51+00:00
reports/VISUAL_WAM_INTERPRETATION.md,1141,4751c163cb96fcc26d0535c6c56037d659881b53d45ac6bb2794263eb798b2e0,b283a7c310f9ae04,2026-07-07T10:34:51+00:00
reports/VISUAL_WAM_TABLE.md,2275,1479e4379e6ce26c0d5052b8ad64b7c673eb527fd8083929b5c54e110a75838c,b283a7c310f9ae04,2026-07-07T10:34:51+00:00
paper/bodyshield_non_hardware_draft.pdf,117832,7bbb13aebf594598ae18bf754edcd34925cf54d77372636d6cd533290e9f5e11,b283a7c310f9ae04,2026-07-07T10:34:51+00:00
paper/build/main.aux,2850,744464ea5d8f6c5f870f626588cea2cbdfa517ee45fa41e49b4d86f3030c7424,b283a7c310f9ae04,2026-07-07T10:34:51+00:00
paper/build/main.bbl,2154,c3f6231e8d3569c867413c6daec922e30cb62cdb40d42bef6a354aafe455f8fe,b283a7c310f9ae04,2026-07-07T10:34:51+00:00
paper/build/main.blg,1517,8131ab21d4971a5ba3b256ca225833f51d0233580fd1d4fe590a3bb35238dbe8,b283a7c310f9ae04,2026-07-07T10:34:51+00:00
paper/build/main.log,14439,6229c28bd29062c766d4818d6a30be3f330bde4aa25adc5ccbf06fbf4696dd9d,b283a7c310f9ae04,2026-07-07T10:34:51+00:00
paper/build/main.pdf,117832,7bbb13aebf594598ae18bf754edcd34925cf54d77372636d6cd533290e9f5e11,b283a7c310f9ae04,2026-07-07T10:34:51+00:00
paper/build/references.bib,2292,32789e5e5cc5369ced8ea388a88a8c818e50a9f64c31b06e0fdb0fa50166c158,b283a7c310f9ae04,2026-07-07T10:34:51+00:00
paper/main.tex,10597,c295d5c15b2dbd53f228b520a737ab4e1f2988625e491abcd94c9245d110e5f0,b283a7c310f9ae04,2026-07-07T10:34:51+00:00
paper/references.bib,2292,32789e5e5cc5369ced8ea388a88a8c818e50a9f64c31b06e0fdb0fa50166c158,b283a7c310f9ae04,2026-07-07T10:34:51+00:00
release/bodyshield_non_hardware_release.zip,14051127,9c355589957e2e6754998f7a1ec5c2a0f923e65afc8a48f9d6e3aee76dcbf817,b283a7c310f9ae04,2026-07-07T10:34:51+00:00
release/RELEASE_BUNDLE_CHECKSUMS.txt,214,d47ce4c1729d4fadfa1d4a47f99442c489e57708f8eadeb0dc13a881c197860b,b283a7c310f9ae04,2026-07-07T10:34:51+00:00
release/RELEASE_BUNDLE_MANIFEST.csv,27071,57d7e3fde4bf0673af08f92f117686ab953facd8d0e59bedf3776d6feec78ec3,b283a7c310f9ae04,2026-07-07T10:34:51+00:00
release/RELEASE_README.md,709,9d578fb1d6770837bf9741c9f03df83a9e28c6db0cf0a68af4c41e92d005b97d,b283a7c310f9ae04,2026-07-07T10:34:51+00:00
trial_schema.schema.json,5567,fa5ab2316292c26c0a41e11de5ac79f430936dc7d545c43bae3d8d039d20f032,b283a7c310f9ae04,2026-07-07T10:34:51+00:00
data_schema.json,1999,773e24ccb360fea640f49113b78880fd64c1c0bde6f5a3150e5232317f6ea17b,b283a7c310f9ae04,2026-07-07T10:34:51+00:00
README_EXECUTION.md,4298,4004d2977de485842bdb1d3d4ce482c4436dab7a471f7ba4614059858cf5b99f,b283a7c310f9ae04,2026-07-07T10:34:51+00:00
